size,accuracy,time_train
500,0.9720670391061452,0.631358
1000,0.9770949720670391,1.76833
1500,0.9776536312849162,1.713746
2000,0.9789571694599628,2.317955
2500,0.9783985102420857,3.348374
3000,0.9793296089385475,9.289291
3500,0.978584729981378,4.234474
4000,0.9793296089385475,5.693181
4500,0.9795158286778398,8.809203
5000,0.9795158286778398,8.083553
12528,0.9797020484171323,18.346721
