size,accuracy,time_train
500,0.9659217877094972,0.003769
1000,0.9702048417132216,0.0062
1500,0.9713221601489758,0.011535
2000,0.9716945996275606,0.024035
2500,0.9713221601489758,0.02978
3000,0.9713221601489758,0.044296
3500,0.9711359404096834,0.058924
4000,0.9716945996275606,0.071793
4500,0.9713221601489758,0.091646
5000,0.9716945996275606,0.109124
12528,0.9715083798882681,0.567452
